{
	"$schema": "https://biomejs.dev/schemas/1.9.4/schema.json",
	"vcs": {
		"enabled": false,
		"clientKind": "git",
		"useIgnoreFile": false
	},
	"files": {
		"ignoreUnknown": false,
		"ignore": [
			"src/routeTree.gen.ts",
			"src/components/data/**/*",
			"src/components/api/**/*",
			"src/components/mcp/**/*",
			"src/lib/react-jsx-dev.js",
			"agent/**/*"
		],
		"include": ["src/*", ".vscode/*", "index.html", "vite.config.js"]
	},
	"formatter": {
		"enabled": true,
		"indentStyle": "tab"
	},
	"organizeImports": {
		"enabled": true
	},
	"linter": {
		"enabled": true,
		"rules": {
			"recommended": true
		}
	},
	"javascript": {
		"formatter": {
			"quoteStyle": "double"
		}
	}
}
